Y,side_effect,sub_system,sub_system_v2
91,biliary tract disorder,bile_duct_gallbladder,bile_duct_gallbladder_pancreas
1166,gallbladder polyp,kidneys_bladder_urethra,bile_duct_gallbladder_pancreas
974,cholecystitis chronic,bile_duct_gallbladder,bile_duct_gallbladder_pancreas
163,cholelithiasis,bile_duct_gallbladder,bile_duct_gallbladder_pancreas
162,cholecystitis,bile_duct_gallbladder,bile_duct_gallbladder_pancreas
986,cholecystitis acute,bile_duct_gallbladder,bile_duct_gallbladder_pancreas
160,cholangitis sclerosing,bile_duct_gallbladder,bile_duct_gallbladder_pancreas
158,cholangitis,bile_duct_gallbladder,bile_duct_gallbladder_pancreas
340,gall bladder,delete,bile_duct_gallbladder_pancreas
161,cholecystectomies,bile_duct_gallbladder,bile_duct_gallbladder_pancreas
987,pancreatitis relapsing,pancreas,bile_duct_gallbladder_pancreas
652,pancreatitis,pancreas,bile_duct_gallbladder_pancreas
651,pancreatic pseudocyst,pancreas,bile_duct_gallbladder_pancreas
13,acute pancreatitis,pancreas,bile_duct_gallbladder_pancreas
1111,hyperamylasaemia,pancreas,bile_duct_gallbladder_pancreas
1130,gallbladder cancer,bile_duct_gallbladder,bile_duct_gallbladder_pancreas
1062,gallbladder perforation,bile_duct_gallbladder,bile_duct_gallbladder_pancreas
1134,pancreatic cancer,pancreas,bile_duct_gallbladder_pancreas
893,incontinence,kidneys_bladder_urethra,bladder_urethra
892,urethritis,kidneys_bladder_urethra,bladder_urethra
95,neurogenic bladder,kidneys_bladder_urethra,bladder_urethra
1064,bladder diverticulum,kidneys_bladder_urethra,bladder_urethra
1075,nephrogenic diabetes insipidus,kidneys_bladder_urethra,bladder_urethra
953,micturition urgency,kidneys_bladder_urethra,bladder_urethra
1006,urosepsis,kidneys_bladder_urethra,bladder_urethra
93,distended bladder,kidneys_bladder_urethra,bladder_urethra
207,bladder inflammation,kidneys_bladder_urethra,bladder_urethra
208,cysto,kidneys_bladder_urethra,bladder_urethra
890,calculus ureteric,kidneys_bladder_urethra,bladder_urethra
891,ureteral obstruction,kidneys_bladder_urethra,bladder_urethra
894,stress incontinence,kidneys_bladder_urethra,bladder_urethra
895,infection urinary tract,kidneys_bladder_urethra,bladder_urethra
941,bladder retention,kidneys_bladder_urethra,bladder_urethra
1092,obstructive uropathy,kidneys_bladder_urethra,bladder_urethra
1202,cystitis interstitial,kidneys_bladder_urethra,bladder_urethra
1222,bladder atony,kidneys_bladder_urethra,bladder_urethra
1243,hydroureter,kidneys_bladder_urethra,bladder_urethra
94,bladder neoplasm,kidneys_bladder_urethra,bladder_urethra
1266,bladder cancer,kidneys_bladder_urethra,bladder_urethra
430,elevated cholesterol,blood,blood
451,elevated triglycerides,blood,blood
563,methaemoglobinaemia,blood,blood
102,blood pressure abnormal,blood,blood
441,hyperprolactinaemia,blood,blood
1015,antinuclear antibody positive,blood,blood
383,blood disorder,blood,blood
1192,transfusion reaction,blood,blood
457,hypoglycaemia,blood,blood
1101,ketoacidosis,blood,blood
433,hyperglycaemia,blood,blood
1285,monoclonal gammopathy,blood,blood
1102,metabolic alkalosis,blood,blood
1274,phlebitis superficial,blood,blood
1100,metabolic acidosis,blood,blood
946,gestational diabetes,blood,blood
384,haematoma,blood,blood
9,acidosis,blood,blood
25,alkalosis,blood,blood
86,bacteraemia,blood,blood
1139,cavernous sinus thrombosis,blood,blood
1072,hypoglycaemia neonatal,blood,blood
1152,azotaemia,kidneys_bladder_urethra,blood
429,hypercapnia,blood,blood
1143,hypoxia,blood,blood
1270,hyperuricaemia,blood,blood
947,essential hypertension,blood,blood
100,clotting,blood,blood
426,bilirubinaemia,blood,blood
436,hyperlipaemia,blood,blood
444,high blood pressure,blood,blood
445,malignant hypertension,blood,blood
464,arterial pressure nos decreased,blood,blood
465,hypotension orthostatic,blood,blood
910,phlebothrombosis,blood,blood
1020,elevated erythrocyte sedimentation rate,blood,blood
1056,disorders of lipid metabolism,blood,blood
1236,arterial pressure nos increased,blood_vessels,blood
167,hemophilia b,blood,blood
233,diabetic acidosis,blood,blood
283,eosinophil count increased,blood,blood_cells
753,aplasia pure red cell,blood,blood_cells
101,platelet disorder,blood,blood_cells
1079,iron deficiency anaemia,blood,blood_cells
853,thrombocytopenia,blood,blood_cells
615,neutropenia,blood,blood_cells
37,anaemia,blood,blood_cells
39,haemolytic anaemia,blood,blood_cells
968,macrocytosis,blood,blood_cells
40,anaemia hypochromic,blood,blood_cells
512,leucocytosis,blood,blood_cells
514,leucopenia,blood,blood_cells
539,lymphocytes decreased,blood,blood_cells
852,essential thrombocythemia,blood,blood_cells
931,idiopathic thrombocytopenic purpura,blood,blood_cells
1273,increased white blood cell count,blood,blood_cells
1275,increased platelet count,blood,blood_cells
741,thrombotic microangiopathy,blood,blood_cells
510,leukaemia,blood,blood_cells
20,agranulocytoses,blood,blood_cells
38,anemia aplastic,blood,blood_cells
511,acute myeloblastic leukemia,blood,blood_cells
572,multiple myeloma,blood,blood_cells
461,blood sodium decreased,blood,blood_electrolytes_vitamins
427,blood calcium increased,blood,blood_electrolytes_vitamins
455,blood calcium decreased,blood,blood_electrolytes_vitamins
1308,hypovitaminosis,blood,blood_electrolytes_vitamins
918,vitamin b 12 deficiency,blood,blood_electrolytes_vitamins
919,vitamin b deficiency,blood,blood_electrolytes_vitamins
920,vitamin d deficiency,blood,blood_electrolytes_vitamins
331,folate deficiency,blood,blood_electrolytes_vitamins
1215,hypervitaminosis,blood,blood_electrolytes_vitamins
1025,hypomagnesaemia,blood,blood_electrolytes_vitamins
435,excess potassium,blood,blood_electrolytes_vitamins
437,hypernatraemia,blood,blood_electrolytes_vitamins
459,hypokalaemia,blood,blood_electrolytes_vitamins
970,hyperchloremia,blood,blood_electrolytes_vitamins
971,hypochloraemia,blood,blood_electrolytes_vitamins
972,hyperphosphatemia,blood,blood_electrolytes_vitamins
973,hypophosphataemia,blood,blood_electrolytes_vitamins
1024,hypermagnesemia,blood,blood_electrolytes_vitamins
1214,electrolyte disorder,blood,blood_electrolytes_vitamins
774,vasomotor rhinitis,blood_vessels,blood_vessels
191,bruise,blood_vessels,blood_vessels
263,ecchymoses,blood_vessels,blood_vessels
330,facial flushing,blood_vessels,blood_vessels
1194,cold extremities,blood_vessels,blood_vessels
906,vascular headache,blood_vessels,blood_vessels
269,fat embolism,blood_vessels,blood_vessels
379,haemangioma,blood_vessels,blood_vessels
844,temporal arteritis,blood_vessels,blood_vessels
904,varicose vein,blood_vessels,blood_vessels
341,gangrene,blood_vessels,blood_vessels
64,arteritis,blood_vessels,blood_vessels
685,phlebitis,blood_vessels,blood_vessels
854,thrombophlebitis,blood_vessels,blood_vessels
509,leriche syndrome,blood_vessels,blood_vessels
63,arteriosclerosis,blood_vessels,blood_vessels
1060,portal vein thrombosis,blood_vessels,blood_vessels
62,arterial insufficiency,blood_vessels,blood_vessels
905,angiopathy,blood_vessels,blood_vessels
134,carotid artery stenosis,blood_vessels,blood_vessels
133,carotid bruit,blood_vessels,blood_vessels
681,petechia,blood_vessels,blood_vessels
714,post thrombotic syndrome,blood_vessels,blood_vessels
748,raynauds phenomenon,blood_vessels,blood_vessels
843,telangiectases,blood_vessels,blood_vessels
907,angiitis,blood_vessels,blood_vessels
908,syncope vasovagal,blood_vessels,blood_vessels
909,venous insufficiency,blood_vessels,blood_vessels
943,disorder peripheral vascular,blood_vessels,blood_vessels
969,spider angioma,blood_vessels,blood_vessels
1008,deep vein thromboses,blood_vessels,blood_vessels
1011,allergic vasculitis,blood_vessels,blood_vessels
1071,vascular anomaly,blood_vessels,blood_vessels
1210,pregnancy induced hypertension,blood_vessels,blood_vessels
1223,easy bruisability,blood_vessels,blood_vessels
1307,superficial thrombophlebitis,blood_vessels,blood_vessels
80,atherosclerosis,blood_vessels,blood_vessels
41,aneurysm,brain_spinal_cord,blood_vessels
484,ischaemia,blood_vessels,blood_vessels
268,embolism,blood_vessels,blood_vessels
200,coronary artery bypass graft,blood_vessels,blood_vessels
671,periarteritis nodosa,blood_vessels,blood_vessels
1031,bone pain,bone,bone
1252,chondrocalcinosis pyrophosphate,bone,bone
1228,wrist fracture,bone,bone
1073,ankle fracture,bone,bone
421,humerus fracture,bone,bone
413,hip fracture,bone,bone
320,femoral neck fracture,bone,bone
319,femur fracture,bone,bone
337,fracture nonunion,bone,bone
775,rib fracture,bone,bone
776,rickets,bone,bone
633,osteoarthritis,bone,bone
634,osteochondrosis,bone,bone
636,osteoma,bone,bone
637,osteomalacia,bone,bone
640,osteoporosis,bone,bone
639,osteopetrosis,bone,bone
638,osteomyelitis,bone,bone
335,bone fracture,bone,bone
336,bone fracture spontaneous,bone,bone
632,bone inflammation,bone,bone
667,pain pelvic,bone,bone
988,fractured pelvis nos,bone,bone
1107,avascular necrosis,bone,bone
1304,bone spur,bone,bone
104,bone neoplasm,bone,bone
641,bone sarcoma,bone,bone
1242,aseptic necrosis bone,bone,bone
729,tension headache,brain_spinal_cord,brain_spinal_cord
1010,migraine,brain_spinal_cord,brain_spinal_cord
1283,insomnia,brain_spinal_cord,brain_spinal_cord
245,drowsiness,brain_spinal_cord,brain_spinal_cord
367,head ache,brain_spinal_cord,brain_spinal_cord
243,dizziness,brain_spinal_cord,brain_spinal_cord
424,normal pressure hydrocephalus,brain_spinal_cord,brain_spinal_cord
1277,sleep disorder,brain_spinal_cord,brain_spinal_cord
962,synovial cyst,brain_spinal_cord,brain_spinal_cord
174,coccydynia,brain_spinal_cord,brain_spinal_cord
1069,intervertebral disc disorder,brain_spinal_cord,brain_spinal_cord
18,agnosia,brain_spinal_cord,brain_spinal_cord
817,spondylitis,brain_spinal_cord,brain_spinal_cord
1268,radiculopathy,brain_spinal_cord,brain_spinal_cord
1254,sacroiliitis,brain_spinal_cord,brain_spinal_cord
60,arachnoiditis,brain_spinal_cord,brain_spinal_cord
818,ankylosing spondylitis,brain_spinal_cord,brain_spinal_cord
1163,cervical vertebral fracture,brain_spinal_cord,brain_spinal_cord
1165,spinal compression fracture,brain_spinal_cord,brain_spinal_cord
788,scoliosis,brain_spinal_cord,brain_spinal_cord
54,aphasia,brain_spinal_cord,brain_spinal_cord
939,spinal fracture,brain_spinal_cord,brain_spinal_cord
747,rabies,brain_spinal_cord,brain_spinal_cord
811,myelopathy,brain_spinal_cord,brain_spinal_cord
583,myelitis,brain_spinal_cord,brain_spinal_cord
144,transient ischaemic attack,brain_spinal_cord,brain_spinal_cord
1074,brachial plexus injury,brain_spinal_cord,brain_spinal_cord
140,cerebellar ataxia,brain_spinal_cord,brain_spinal_cord
1154,encephalitis viral,brain_spinal_cord,brain_spinal_cord
1133,cerebral atrophy,brain_spinal_cord,brain_spinal_cord
108,metabolic encephalopathy,brain_spinal_cord,brain_spinal_cord
106,brain abscess,brain_spinal_cord,brain_spinal_cord
271,encephalitis,brain_spinal_cord,brain_spinal_cord
812,spinal cord injury,brain_spinal_cord,brain_spinal_cord
558,meningitis viral,brain_spinal_cord,brain_spinal_cord
573,multiple sclerosis,brain_spinal_cord,brain_spinal_cord
423,hydrocephalus,brain_spinal_cord,brain_spinal_cord
949,encephalopathy,brain_spinal_cord,brain_spinal_cord
554,meningioma,brain_spinal_cord,brain_spinal_cord
24,alcoholic intoxication,delete,brain_spinal_cord
933,whiplash injury,delete,brain_spinal_cord
1233,dyslexia,brain_spinal_cord,brain_spinal_cord
107,brain concussion,brain_spinal_cord,brain_spinal_cord
148,cervicalgia,brain_spinal_cord,brain_spinal_cord
184,confusion,brain_spinal_cord,brain_spinal_cord
217,acute brain syndrome,brain_spinal_cord,brain_spinal_cord
366,head injury,brain_spinal_cord,brain_spinal_cord
555,meningeal irritation,brain_spinal_cord,brain_spinal_cord
556,meningitides,brain_spinal_cord,brain_spinal_cord
557,aseptic meningitis,brain_spinal_cord,brain_spinal_cord
819,spondylosis,brain_spinal_cord,brain_spinal_cord
884,loss of consciousness,brain_spinal_cord,brain_spinal_cord
913,spinning sensation,brain_spinal_cord,brain_spinal_cord
1146,intervertebral disc herniation,brain_spinal_cord,brain_spinal_cord
1267,near syncope,brain_spinal_cord,brain_spinal_cord
1282,excessive sleepiness,brain_spinal_cord,brain_spinal_cord
727,benign intracranial hypertension,neurological,brain_spinal_cord
109,brain neoplasm,brain_spinal_cord,brain_spinal_cord
182,coma,brain_spinal_cord,brain_spinal_cord
145,cerebral palsy,brain_spinal_cord,brain_spinal_cord
1022,haemorrhage intracranial,brain_spinal_cord,brain_spinal_cord
832,subarachnoid haemorrhage,brain_spinal_cord,brain_spinal_cord
142,cerebral haemorrhage,brain_spinal_cord,brain_spinal_cord
141,cerebral artery embolism,brain_spinal_cord,brain_spinal_cord
1281,cerebral ischaemia,brain_spinal_cord,brain_spinal_cord
77,astrocytoma,brain_spinal_cord,brain_spinal_cord
1316,glioblastoma multiforme,brain_spinal_cord,brain_spinal_cord
938,cerebral thrombosis,brain_spinal_cord,brain_spinal_cord
351,glioma,brain_spinal_cord,brain_spinal_cord
35,als,brain_spinal_cord,brain_spinal_cord
143,cerebral infarct,brain_spinal_cord,brain_spinal_cord
146,cerebral vascular disorder,brain_spinal_cord,brain_spinal_cord
385,hematoma subdural,brain_spinal_cord,brain_spinal_cord
513,multifocal leukoencephalopathy,brain_spinal_cord,brain_spinal_cord
700,polio,brain_spinal_cord,brain_spinal_cord
831,apoplexy,brain_spinal_cord,brain_spinal_cord
1019,encephalopathy hypertensive,brain_spinal_cord,brain_spinal_cord
1138,epidural hematoma,brain_spinal_cord,brain_spinal_cord
1148,parkinson,brain_spinal_cord,brain_spinal_cord
1185,epidural abscess,brain_spinal_cord,brain_spinal_cord
546,breast pain,breast,breast
1162,breast tenderness,breast,breast
112,breast swelling,breast,breast
1000,breast discharge,breast,breast
452,breast enlargement,breast,breast
1177,breast malformation,breast,breast
544,breast inflammation,breast,breast
1012,breast abscess,breast,breast
110,breast cyst,breast,breast
1306,breast neoplasm,breast,breast
111,breast disorder,breast,breast
322,breast dysplasia,breast,breast
361,gynaecomastia,breast,breast
526,breast lump,breast,breast
1090,fibroadenoma of breast,breast,breast
1128,galactorrhea,breast,breast
1260,breast cancer,breast,breast
1291,allergic bronchitis,lungs_bronchi,bronchi_respiratory_general
889,infection upper respiratory,lungs_bronchi,bronchi_respiratory_general
932,wheeze,lungs_bronchi,bronchi_respiratory_general
116,bronchitis,lungs_bronchi,bronchi_respiratory_general
259,dyspnoea paroxysmal nocturnal,lungs_bronchi,bronchi_respiratory_general
415,histoplasmosis,lungs_bronchi,bronchi_respiratory_general
830,stridor,lungs_bronchi,bronchi_respiratory_general
875,tracheobronchitis,lungs_bronchi,bronchi_respiratory_general
115,bronchiolitis,lungs_bronchi,bronchi_respiratory_general
1221,hypoventilation,lungs_bronchi,bronchi_respiratory_general
270,empyema,lungs_bronchi,bronchi_respiratory_general
114,bronchiectasis,lungs_bronchi,bronchi_respiratory_general
113,bronchial spasm,lungs_bronchi,bronchi_respiratory_general
258,difficulty breathing,lungs_bronchi,bronchi_respiratory_general
390,coughing blood,lungs_bronchi,bronchi_respiratory_general
529,chronic obstructive airway disease,lungs_bronchi,bronchi_respiratory_general
806,sleep apnea,lungs_bronchi,bronchi_respiratory_general
874,tracheitis,lungs_bronchi,bronchi_respiratory_general
957,orthopnea,lungs_bronchi,bronchi_respiratory_general
984,acute bronchitis,lungs_bronchi,bronchi_respiratory_general
1117,dyspnea exertional,lungs_bronchi,bronchi_respiratory_general
1286,respiratory failure,lungs_bronchi,bronchi_respiratory_general
876,tracheostomy,lungs_bronchi,bronchi_respiratory_general
169,cleft lip,mouth_salivary_gland_throat,congenital
170,cleft palate,mouth_salivary_gland_throat,congenital
244,trisomy 21,congenital,congenital
252,dwarfism,congenital,congenital
1276,hypospadias,reproductive_system_male,congenital
404,diaphragmatic hernia,lungs_bronchi,congenital
1199,musculoskeletal deformity,muscles_tendon,congenital
635,osteogenesis imperfecta,bone,congenital
1099,limb malformation,congenital,congenital
1292,meningocele,brain_spinal_cord,congenital
486,jaundice neonatal,liver,congenital
1261,haemophilia,blood,congenital
376,ventricular septal defect,heart,congenital
375,atrial septal defect,heart,congenital
2,birth defect,congenital,congenital
249,patent ductus arteriosis,heart,congenital
431,familial hypercholesterolemia,blood,congenital
545,mast cell disease,blood,congenital
851,tetralogy of fallot,heart,congenital
1041,congenital heart disease,heart,congenital
206,cystic fibrosis,multiple,congenital
1237,amentia,congenital,congenital
1246,renal agenesis,kidneys_bladder_urethra,congenital
469,cerumen impaction,ears,ears
261,ear ache,ears,ears
642,external ear infection,ears,ears
1058,ear discharge,ears,ears
1263,ear infection,ears,ears
593,myringitis,ears,ears
886,tympanic membrane disorder,ears,ears
866,tinnitus,ears,ears
982,eustachian tube obstruction,ears,ears
1098,tympanic membrane perforation,ears,ears
644,otosclerosis,ears,ears
368,deafness neurosensory,ears,ears
212,deafness,ears,ears
502,labyrinthitis,ears,ears
643,otitis media,ears,ears
749,hyperacusia,ears,ears
1188,acute otitis media,ears,ears
1189,eustachian tube disorder,ears,ears
1303,decreased hearing,ears,ears
1206,dry eye,eyes,eyes
1186,eye swelling,eyes,eyes
1032,eye pain,eyes,eyes
419,hordeolum,eyes,eyes
1187,retinal scar,eyes,eyes
152,chalazion,eyes,eyes
46,anisocoria,eyes,eyes
97,blepharoptosis,eyes,eyes
329,floaters,eyes,eyes
827,strabismus,eyes,eyes
1124,eye redness,eyes,eyes
96,blepharitis,eyes,eyes
617,night blindness,eyes,eyes
1053,lagophthalmos,eyes,eyes
308,eye infection,eyes,eyes
98,blepharospasm,eyes,eyes
194,corneal abrasion,eyes,eyes
281,entropion,eyes,eyes
733,pterygium,eyes,eyes
195,corneal disorder,eyes,eyes
755,refraction disorder,eyes,eyes
185,conjunctivitis,eyes,eyes
489,keratitis,eyes,eyes
292,episcleritis,eyes,eyes
481,iridocyclitis,eyes,eyes
265,ectropion,eyes,eyes
482,iritis,eyes,eyes
622,nystagmus,eyes,eyes
75,asthenopia,eyes,eyes
765,retinitis,eyes,eyes
438,hypermetropia,eyes,eyes
350,angle closure glaucoma,eyes,eyes
922,vitreous detachment,eyes,eyes
786,scleritis,eyes,eyes
306,exophthalmos,eyes,eyes
979,cataract,eyes,eyes
349,glaucoma,eyes,eyes
1220,dysaesthesia,eyes,eyes
30,amblyopia,eyes,eyes
1231,blindness,eyes,eyes
240,diplopia,eyes,eyes
410,herpes ophthalmic,eyes,eyes
1057,corneal degeneration,eyes,eyes
196,corneal dystrophy,eyes,eyes
166,chorioretinitis,eyes,eyes
591,myopia,eyes,eyes
761,retinal degeneration,eyes,eyes
1005,amaurosis fugax,eyes,eyes
626,ophthalmoplegia,eyes,eyes
187,conjunctivitis viral,eyes,eyes
627,optic atrophy,eyes,eyes
923,vitreous haemorrhage,eyes,eyes
236,diabetic retinopathy,eyes,eyes
309,eye injury,eyes,eyes
1050,retinopathy hypertensive,eyes,eyes
760,retinal artery occlusion,eyes,eyes
628,optic neuritis,eyes,eyes
1315,retinal vein thrombosis,eyes,eyes
624,ocular hypertension,eyes,eyes
503,lacrimal disorder,eyes,eyes
186,bacterial conjunctivitis,eyes,eyes
197,corneal clouding,eyes,eyes
198,corneal ulcer,eyes,eyes
211,dacrocystitis,eyes,eyes
310,eyelid diseases,eyes,eyes
491,keratitis sicca,eyes,eyes
541,macula lutea degeneration,eyes,eyes
656,optic disc edema,eyes,eyes
762,detached retina,eyes,eyes
763,disorder retinal,eyes,eyes
764,retinal bleeding,eyes,eyes
766,pigmentary retinopathy,eyes,eyes
767,retinopathy of prematurity,eyes,eyes
789,scotoma,eyes,eyes
901,intraocular inflammation,eyes,eyes
917,abnormal vision,eyes,eyes
1131,decreased lacrimation,eyes,eyes
1144,color blindness,eyes,eyes
1216,blurred vision,eyes,eyes
1247,meibomianitis,eyes,eyes
1,abdominal pain,gastrointestinal_tract,gastrointestinal_tract_general
1118,abdominal pain upper,gastrointestinal_tract,gastrointestinal_tract_general
334,food poisoning,delete,gastrointestinal_tract_general
0,abdominal distension,gastrointestinal_tract,gastrointestinal_tract_general
542,malabsorption,gastrointestinal_tract,gastrointestinal_tract_general
407,umbilical hernia,gastrointestinal_tract,gastrointestinal_tract_general
1061,peritoneal adhesions,gastrointestinal_tract,gastrointestinal_tract_general
1136,gastrointestinal obstruction,gastrointestinal_tract,gastrointestinal_tract_general
346,giardiasis,gastrointestinal_tract,gastrointestinal_tract_general
679,peritonitis,gastrointestinal_tract,gastrointestinal_tract_general
72,ascites,gastrointestinal_tract,gastrointestinal_tract_general
768,retroperitoneal fibrosis,kidneys_bladder_urethra,gastrointestinal_tract_general
975,exploratory laparotomy,delete,gastrointestinal_tract_general
345,gastrointestinal bleed,gastrointestinal_tract,gastrointestinal_tract_general
406,hernia inguinal,gastrointestinal_tract,gastrointestinal_tract_general
780,salmonella,gastrointestinal_tract,gastrointestinal_tract_general
882,typhoid,gastrointestinal_tract,gastrointestinal_tract_general
1088,abdominal hernia,gastrointestinal_tract,gastrointestinal_tract_general
1207,gastroenteritis viral,gastrointestinal_tract,gastrointestinal_tract_general
1105,dandruff,hair,hair_nails
28,alopecia,hair,hair_nails
1145,furuncle,hair,hair_nails
414,hirsuitism,hair,hair_nails
595,ingrowing nail,nails,hair_nails
864,onychomycosis,nails,hair_nails
967,onycholysis,nails,hair_nails
594,nail disorder,nails,hair_nails
663,paronychia,nails,hair_nails
450,hypertrichosis,hair,hair_nails
665,lice infestation,hair,hair_nails
362,hair disease,hair,hair_nails
840,heart rate increased,heart,heart
841,sinus tachycardia,heart,heart
1091,sinus arrest,heart,heart
672,pericardial effusion,heart,heart
739,cor pulmonale,heart,heart
954,sinus bradycardia,heart,heart
835,superior vena cava syndrome,heart,heart
273,endocarditis,heart,heart
507,bundle branch block left,heart,heart
53,aortic stenosis,heart,heart
1175,atrioventricular block second degree,heart,heart
566,mitral valve prolapse,heart,heart
1059,trifascicular block,heart,heart
989,bicuspid aortic valve,heart,heart
119,bundle branch block,heart,heart
673,pericarditis,heart,heart
61,arrhythmia,heart,heart
588,myocarditis,heart,heart
842,supraventricular tachycardia,heart,heart
83,atrioventricular block,heart,heart
51,aortic aneurysm,heart,heart
82,atrial flutter,heart,heart
772,rheumatic heart disease,heart,heart
374,cardiac murmur,heart,heart
1280,cardiomyopathy,heart,heart
42,angina,heart,heart
43,prinzmetal variant angina,heart,heart
52,aortic regurgitation,heart,heart
81,afib,heart,heart
155,chest wall pain,heart,heart
199,arteriosclerotic heart disease,heart,heart
274,bacterial endocarditis,heart,heart
324,fib,heart,heart
370,cardiac disease,heart,heart
371,cardiac enlargement,heart,heart
373,cardiac decompensation,heart,heart
377,cardiac valvulopathy,heart,heart
565,mitral valve disease nos,heart,heart
650,palpitation,heart,heart
674,constrictive pericarditis,heart,heart
716,atrial ectopic beats,heart,heart
800,sick sinus syndrome,heart,heart
912,tachycardia ventricular,heart,heart
956,bundle branch block right,heart,heart
995,left ventricular hypertrophy,heart,heart
1018,abnormal eeg,heart,heart
1021,extrasystoles ventricular,heart,heart
1093,coronary angioplasty,heart,heart
1127,right heart failure,heart,heart
1226,bradycardia,heart,heart
1244,abnormal ecg,heart,heart
1296,wandering atrial pacemaker,heart,heart
955,atrioventricular block first degree,heart,heart
1017,atrioventricular block complete,heart,heart
132,cardiac tamponade,heart,heart
372,cardiac failure,heart,heart
911,ventricular fibrillation,heart,heart
369,asystole,heart,heart
587,heart attack,heart,heart
795,cardiovascular collapse,heart,heart
1026,cardiac ischemia,heart,heart
1077,joint stiffness,joints_connective_tissues,joints_connective_tissues
1046,joint swelling,joints_connective_tissues,joints_connective_tissues
314,fasciitis,joints_connective_tissues,joints_connective_tissues
677,periostitis,joints_connective_tissues,joints_connective_tissues
1287,joint effusion,joints_connective_tissues,joints_connective_tissues
487,arthropathy,joints_connective_tissues,joints_connective_tissues
66,arthritis,joints_connective_tissues,joints_connective_tissues
1080,polyarthritis,joints_connective_tissues,joints_connective_tissues
838,synovitis,joints_connective_tissues,joints_connective_tissues
67,gouty arthritis,joints_connective_tissues,joints_connective_tissues
68,arthritis infective,joints_connective_tissues,joints_connective_tissues
359,gout,joints_connective_tissues,joints_connective_tissues
65,aching joints,joints_connective_tissues,joints_connective_tissues
69,psoriatic arthritis,joints_connective_tissues,joints_connective_tissues
70,arthritis rheumatoid,joints_connective_tissues,joints_connective_tissues
164,chondrodystrophy,joints_connective_tissues,joints_connective_tissues
178,collagen disease,joints_connective_tissues,joints_connective_tissues
188,connective tissue disease,joints_connective_tissues,joints_connective_tissues
241,dislocation,joints_connective_tissues,joints_connective_tissues
380,haemarthrosis,joints_connective_tissues,joints_connective_tissues
859,costochondritis,heart,joints_connective_tissues
1048,traumatic arthropathy,joints_connective_tissues,joints_connective_tissues
1250,jra,joints_connective_tissues,joints_connective_tissues
1293,sarcoma,joints_connective_tissues,joints_connective_tissues
327,flank pain,kidneys_bladder_urethra,kidneys
1170,renal mass,kidneys_bladder_urethra,kidneys
1013,renal abscess,kidneys_bladder_urethra,kidneys
500,renal cyst,kidneys_bladder_urethra,kidneys
234,diabetic nephropathy,kidneys_bladder_urethra,kidneys
1219,nephrolithiasis,kidneys_bladder_urethra,kidneys
604,nephrocalcinosis,kidneys_bladder_urethra,kidneys
1052,renal colic,kidneys_bladder_urethra,kidneys
742,pyelonephritis,kidneys_bladder_urethra,kidneys
425,hydronephrosis,kidneys_bladder_urethra,kidneys
352,glomerulonephritis,kidneys_bladder_urethra,kidneys
353,iga nephropathy,kidneys_bladder_urethra,kidneys
10,renal tubular acidosis,kidneys_bladder_urethra,kidneys
606,nephrotic syndrome,kidneys_bladder_urethra,kidneys
496,chronic kidney disease,kidneys_bladder_urethra,kidneys
448,renovascular hypertension,kidneys_bladder_urethra,kidneys
471,adh inappropriate,kidneys_bladder_urethra,kidneys
494,disorder renal,kidneys_bladder_urethra,kidneys
498,papillary necrosis,kidneys_bladder_urethra,kidneys
603,interstitial nephritis,kidneys_bladder_urethra,kidneys
1063,acute glomerulonephritis,kidneys_bladder_urethra,kidneys
1253,kidney pain,kidneys_bladder_urethra,kidneys
605,nephrosclerosis,kidneys_bladder_urethra,kidneys
1299,renal cancer,kidneys_bladder_urethra,kidneys
495,acute kidney failure,kidneys_bladder_urethra,kidneys
497,kidney neoplasm,kidneys_bladder_urethra,kidneys
499,kidney transplant,kidneys_bladder_urethra,kidneys
756,kidney failure,kidneys_bladder_urethra,kidneys
399,hepatitis toxic,liver,liver
519,liver abscess,liver,liver
398,chronic hepatitis,liver,liver
395,hepatitis,liver,liver
522,biliary cirrhosis,liver,liver
1030,hepatic necrosis,liver,liver
446,portal hypertension,liver,liver
159,primary biliary cirrhosis,liver,liver
316,fatty liver,liver,liver
396,hepatitis a,liver,liver
401,enlarged liver,liver,liver
520,cirrhosis,liver,liver
521,alcoholic cirrhosis,liver,liver
523,disease of liver,liver,liver
740,peliosis,liver,liver
994,hepatitis b surface antigen positive,liver,liver
1027,abnormal lfts,liver,liver
1033,aspartate aminotransferase increase,liver,liver
1198,hepatitis c antibody positive,liver,liver
1241,chronic active hepatitis,liver,liver
397,hepatitis b,liver,liver
400,hepatitis c,liver,liver
952,hepatic failure,liver,liver
394,hepatic encephalopathy,liver,liver
524,hepatic neoplasia,liver,liver
710,tuberculin test positive,lungs_bronchi,lungs
76,asthma,lungs_bronchi,lungs
997,pulmonary mass,lungs_bronchi,lungs
1097,radiation pneumonitis,lungs_bronchi,lungs
360,granuloma,lungs_bronchi,lungs
527,lung abscess,lungs_bronchi,lungs
734,alveolar proteinosis,lungs_bronchi,lungs
828,streptococcal infection,lungs_bronchi,lungs
202,cryptococcosis,lungs_bronchi,lungs
934,pertussis,lungs_bronchi,lungs
688,pleural effusion,lungs_bronchi,lungs
689,pleurisy,lungs_bronchi,lungs
690,pneumoconiosis,lungs_bronchi,lungs
782,sarcoidosis,lungs_bronchi,lungs
737,emphysema,lungs_bronchi,lungs
1151,eosinophilic pneumonia acute,lungs_bronchi,lungs
79,atelectasis,lungs_bronchi,lungs
757,neonatal respiratory distress syndrome,lungs_bronchi,lungs
1240,pneumonia klebsiella,lungs_bronchi,lungs
1314,eosinophilic pneumonia,lungs_bronchi,lungs
26,respiratory alkalosis,lungs_bronchi,lungs
1132,lung infiltration,lungs_bronchi,lungs
699,pneumothorax,lungs_bronchi,lungs
697,pneumonia staphylococcal,lungs_bronchi,lungs
447,pulmonary hypertension,lungs_bronchi,lungs
29,allergic alveolitis,lungs_bronchi,lungs
88,bacterial pneumonia,lungs_bronchi,lungs
154,pleural pain,lungs_bronchi,lungs
508,legionella,lungs_bronchi,lungs
528,disorder lung,lungs_bronchi,lungs
692,neumonia,lungs_bronchi,lungs
693,aspiration pneumonia,lungs_bronchi,lungs
694,lobar pneumonia,lungs_bronchi,lungs
695,pneumonia primary atypical,lungs_bronchi,lungs
696,pneumocystis carinii pneumonia,lungs_bronchi,lungs
698,viral pneumonia,lungs_bronchi,lungs
735,lung edema,lungs_bronchi,lungs
738,lung fibrosis,lungs_bronchi,lungs
881,mycobacterium tuberculosis infection,lungs_bronchi,lungs
977,fibrosing alveolitis,lungs_bronchi,lungs
996,chest infection,lungs_bronchi,lungs
1096,ild,lungs_bronchi,lungs
1278,pneumocystis carinii infection,lungs_bronchi,lungs
758,acute respiratory distress syndrome,lungs_bronchi,lungs
1038,lung adenocarcinoma,lungs_bronchi,lungs
1147,lung neoplasm malignant,lungs_bronchi,lungs
1174,pleural fibrosis,lungs_bronchi,lungs
393,hemothorax,lungs_bronchi,lungs
530,lung neoplasms,lungs_bronchi,lungs
691,pneumonectomy,lungs_bronchi,lungs
736,embolism pulmonary,lungs_bronchi,lungs
1009,sclc,lungs_bronchi,lungs
1076,pulmonary arrest,lungs_bronchi,lungs
571,movement disorder,motor,motor
1256,balance disorder,motor,motor
1104,paraparesis,motor,motor
1169,peripheral nerve injury,motor,motor
1262,tardive dyskinesia,motor,motor
659,paraplegia,motor,motor
388,hemiplegia,motor,motor
948,choreoathetosis,motor,motor
387,hemiparesis,motor,motor
78,ataxia,motor,motor
59,apraxia,motor,motor
255,abnormal movements,motor,motor
1205,difficulty in walking,motor,motor
1224,motor retardation,motor,motor
1255,abnormal gait,motor,motor
746,quadriplegia,motor,motor
232,mod,delete,multiple_systemic_general
648,pain,multiple,multiple_systemic_general
153,chest pain,lungs_bronchi,multiple_systemic_general
992,food intolerance,multiple,multiple_systemic_general
216,dehydration,kidneys_bladder_urethra,multiple_systemic_general
315,fatigue,multiple,multiple_systemic_general
620,nodule,multiple,multiple_systemic_general
883,ulcer,multiple,multiple_systemic_general
321,body temperature increased,multiple,multiple_systemic_general
466,decreased body temperature,multiple,multiple_systemic_general
618,night sweat,multiple,multiple_systemic_general
649,extremity pain,multiple,multiple_systemic_general
950,chill,multiple,multiple_systemic_general
1115,feeling unwell,multiple,multiple_systemic_general
999,neck mass,multiple,multiple_systemic_general
378,heat stroke,multiple,multiple_systemic_general
547,mediastinal disorder,multiple,multiple_systemic_general
275,endocrine disorder,multiple,multiple_systemic_general
771,rheumatic fever,multiple,multiple_systemic_general
706,polyp,multiple,multiple_systemic_general
326,fistula,multiple,multiple_systemic_general
1171,seroma,multiple,multiple_systemic_general
403,hernia,multiple,multiple_systemic_general
709,porphyria,multiple,multiple_systemic_general
778,rubella,multiple,multiple_systemic_general
34,amyloidosis,multiple,multiple_systemic_general
543,carcinoid syndrome,multiple,multiple_systemic_general
313,failure to thrive,delete,multiple_systemic_general
73,aspergillosis,multiple,multiple_systemic_general
99,bleb,skin_subcutaneous fat,multiple_systemic_general
230,diabetes,multiple,multiple_systemic_general
231,insulin dependent diabetes mellitus,multiple,multiple_systemic_general
267,edema,multiple,multiple_systemic_general
391,bleeding,multiple,multiple_systemic_general
440,hyperalimentation,multiple,multiple_systemic_general
702,erythremia,multiple,multiple_systemic_general
808,soft tissue injuries,multiple,multiple_systemic_general
837,fainting,multiple,multiple_systemic_general
896,urogenital abnormalities,multiple,multiple_systemic_general
951,excessive thirst,multiple,multiple_systemic_general
963,edema extremities,multiple,multiple_systemic_general
1082,malnourished,multiple,multiple_systemic_general
1084,acute intermittent porphyria,multiple,multiple_systemic_general
1157,herxheimer reaction,multiple,multiple_systemic_general
1190,glucose intolerance,multiple,multiple_systemic_general
1235,adenopathy,multiple,multiple_systemic_general
1311,sjogrens syndrome,multiple,multiple_systemic_general
796,septic shock,multiple,multiple_systemic_general
402,hepatorenal syndrome,multiple,multiple_systemic_general
548,mediastinal tumor,multiple,multiple_systemic_general
602,neoplasia,multiple,multiple_systemic_general
1155,sepsis,multiple,multiple_systemic_general
1070,trigger finger,muscles_tendon,muscles_tendon
84,back injury,brain_spinal_cord,muscles_tendon
85,back ache,muscles_tendon,muscles_tendon
311,face pain,muscles_tendon,muscles_tendon
575,cramp,muscles_tendon,muscles_tendon
797,shoulder pain,muscles_tendon,muscles_tendon
810,muscle spasm,muscles_tendon,muscles_tendon
1116,aching muscles,muscles_tendon,muscles_tendon
1168,night cramps,muscles_tendon,muscles_tendon
578,musculoskeletal pain,muscles_tendon,muscles_tendon
998,muscle rupture,muscles_tendon,muscles_tendon
940,muscle strain,muscles_tendon,muscles_tendon
1003,soft tissue infection,muscles_tendon,muscles_tendon
577,muscle disorder,muscles_tendon,muscles_tendon
136,cataplexy,muscles_tendon,muscles_tendon
284,epicondylitis,muscles_tendon,muscles_tendon
847,tenosynovitis,muscles_tendon,muscles_tendon
704,polymyalgia rheumatica,muscles_tendon,muscles_tendon
323,fibromyalgia,muscles_tendon,muscles_tendon
966,polymyositis,muscles_tendon,muscles_tendon
849,tetanus,muscles_tendon,muscles_tendon
850,tetany,muscles_tendon,muscles_tendon
1173,rotator cuff syndrome,muscles_tendon,muscles_tendon
74,asthenia,muscles_tendon,muscles_tendon
579,myasthenia gravis,muscles_tendon,muscles_tendon
846,tendon injury,muscles_tendon,muscles_tendon
122,cachectic,muscles_tendon,muscles_tendon
137,causalgia,muscles_tendon,muscles_tendon
190,contracture,gastrointestinal_tract,muscles_tendon
592,muscle inflammation,muscles_tendon,muscles_tendon
601,injury of neck,muscles_tendon,muscles_tendon
661,muscle paresis,muscles_tendon,muscles_tendon
791,convulsion,muscles_tendon,muscles_tendon
845,tendinitis,muscles_tendon,muscles_tendon
872,retrocollis,muscles_tendon,muscles_tendon
1002,fascitis plantar,muscles_tendon,muscles_tendon
1028,muscle weakness,muscles_tendon,muscles_tendon
33,traumatic amputation,delete,muscles_tendon
769,rhabdomyolysis,muscles_tendon,muscles_tendon
770,rhabdomyosarcoma,muscles_tendon,muscles_tendon
958,burning sensation,neurological,neurological
569,motion sickness,neurological,neurological
171,cluster headache,neurological,neurological
878,tremor,neurological,neurological
914,vestibular disorder,neurological,neurological
662,paraesthesia,neurological,neurological
192,conversion disorder,neurological,neurological
1043,sensory disturbance,neurological,neurological
596,narcolepsy,neurological,neurological
175,cognitive disorder,neurological,neurological
880,trigeminal neuralgia,neurological,neurological
608,neuralgia,neurological,neurological
612,neuroma,neurological,neurological
253,dysarthria,neurological,neurological
432,hyperaesthesia,neurological,neurological
23,delirium tremens,neurological,neurological
678,neuropathy peripheral,neurological,neurological
1085,neurofibromatosis,neurological,neurological
576,amyotrophy,neurological,neurological
609,neuritis,neurological,neurological
1042,polyneuropathy,neurological,neurological
235,diabetic neuropathy,neurological,neurological
264,eclampsia,neurological,neurological
193,febrile convulsion,neurological,neurological
290,myoclonic epilepsy,neurological,neurological
288,epilepsy,neurological,neurological
1156,autonomic neuropathy,neurological,neurological
135,carpal tunnel,neurological,neurological
289,convulsions grand mal,neurological,neurological
291,petit mal,neurological,neurological
312,facial palsy,neurological,neurological
613,neuromuscular disorder,neurological,neurological
711,postherpetic neuralgia,neurological,neurological
754,reflex sympathetic dystrophy,neurological,neurological
785,ischias,neurological,neurological
809,sleep walking,neurological,neurological
960,flashing lights,neurological,neurological
961,light sensitivity,neurological,neurological
1110,brachial neuritis,lungs_bronchi,neurological
1137,flashbacks,neurological,neurological
1161,autonomic instability,neurological,neurological
1167,global amnesia,neurological,neurological
1184,cervical stenosis,neurological,neurological
1230,neuropathy,neurological,neurological
1245,palsies,neurological,neurological
1289,ganglion,neurological,neurological
821,status epilepticus,neurological,neurological
610,neuroblastoma,neurological,neurological
801,sinus headache,nose,nose
773,rhinitis,nose,nose
597,nasal congestion,nose,nose
807,sneezing,nose,nose
802,sinusitis,nails,nose
983,acute sinusitis,nose,nose
599,nasopharyngitis,nose,nose
27,allergic rhinitis,nose,nose
713,post nasal drip,nose,nose
1044,nasal sinus congestion,nose,nose
1290,rhinorrhea,nose,nose
1297,rhinitis seasonal,nose,nose
48,anosmia,nose,nose
1029,nasal septum disorder,nose,nose
985,chronic sinusitis,nose,nose
293,epistaxis,nose,nose
937,bradyarrhythmia,nose,nose
598,nasal polyp,nose,nose
1007,adenoid hypertrophy,nose,nose
1129,nasal septal perforation,nose,nose
600,nausea,gastrointestinal_tract,oesophagus_stomach
257,dyspepsia,gastrointestinal_tract,oesophagus_stomach
1119,regurgitation,gastrointestinal_tract,oesophagus_stomach
1103,odynophagia,gastrointestinal_tract,oesophagus_stomach
670,gastroduodenal ulcer,gastrointestinal_tract,oesophagus_stomach
1135,gastric polyps,gastrointestinal_tract,oesophagus_stomach
343,gastroenteritis,gastrointestinal_tract,oesophagus_stomach
824,gastric ulcer,gastrointestinal_tract,oesophagus_stomach
823,gastric dilatation,gastrointestinal_tract,oesophagus_stomach
743,pyloric stenosis,gastrointestinal_tract,oesophagus_stomach
381,haematemesis,gastrointestinal_tract,oesophagus_stomach
215,deglutition disorder,gastrointestinal_tract,oesophagus_stomach
299,esophageal spasm,gastrointestinal_tract,oesophagus_stomach
300,esophageal stenosis,gastrointestinal_tract,oesophagus_stomach
301,esophagitis,gastrointestinal_tract,oesophagus_stomach
302,reflux esophagitis,gastrointestinal_tract,oesophagus_stomach
342,gastric inflammation,gastrointestinal_tract,oesophagus_stomach
344,acid reflux,gastrointestinal_tract,oesophagus_stomach
405,hernia hiatal,gastrointestinal_tract,oesophagus_stomach
888,upper gastrointestinal bleeding,gastrointestinal_tract,oesophagus_stomach
926,emesis,gastrointestinal_tract,oesophagus_stomach
1036,esophageal ulcer,gastrointestinal_tract,oesophagus_stomach
1040,gastric stasis,gastrointestinal_tract,oesophagus_stomach
1180,erosive gastritis,gastrointestinal_tract,oesophagus_stomach
1197,esophageal rupture,gastrointestinal_tract,oesophagus_stomach
1265,gastric cancer,gastrointestinal_tract,oesophagus_stomach
298,esophageal perforation,gastrointestinal_tract,oesophagus_stomach
1039,esophageal cancer,gastrointestinal_tract,oesophagus_stomach
1212,gastric ulcer perforated,gastrointestinal_tract,oesophagus_stomach
201,cough,lungs_bronchi,oral_cavity_salivary_gland_throat
294,belching,gastrointestinal_tract,oral_cavity_salivary_gland_throat
363,bad breath,mouth_salivary_gland_throat,oral_cavity_salivary_gland_throat
412,hiccough,mouth_salivary_gland_throat,oral_cavity_salivary_gland_throat
418,hoarseness,mouth_salivary_gland_throat,oral_cavity_salivary_gland_throat
799,excessive salivation,mouth_salivary_gland_throat,oral_cavity_salivary_gland_throat
1001,mouth ulcer,mouth_salivary_gland_throat,oral_cavity_salivary_gland_throat
1112,mouth pain,mouth_salivary_gland_throat,oral_cavity_salivary_gland_throat
1149,pain in throat,mouth_salivary_gland_throat,oral_cavity_salivary_gland_throat
871,dental pain,teeth,oral_cavity_salivary_gland_throat
172,coated tongue,tongue,oral_cavity_salivary_gland_throat
157,choking,lungs_bronchi,oral_cavity_salivary_gland_throat
682,pharyngeal inflammation,mouth_salivary_gland_throat,oral_cavity_salivary_gland_throat
570,oral neoplasm,mouth_salivary_gland_throat,oral_cavity_salivary_gland_throat
676,periodontitis,mouth_salivary_gland_throat,oral_cavity_salivary_gland_throat
515,leukoplakia,mouth_salivary_gland_throat,oral_cavity_salivary_gland_throat
1211,parotid gland enlargement,mouth_salivary_gland_throat,oral_cavity_salivary_gland_throat
453,salivary gland enlargement,mouth_salivary_gland_throat,oral_cavity_salivary_gland_throat
779,salivary gland calculus,mouth_salivary_gland_throat,oral_cavity_salivary_gland_throat
55,aphonia,mouth_salivary_gland_throat,oral_cavity_salivary_gland_throat
924,vocal cord paralysis,mouth_salivary_gland_throat,oral_cavity_salivary_gland_throat
1312,dysphonia,mouth_salivary_gland_throat,oral_cavity_salivary_gland_throat
792,pharyngitis streptococcal,mouth_salivary_gland_throat,oral_cavity_salivary_gland_throat
664,parotitis,mouth_salivary_gland_throat,oral_cavity_salivary_gland_throat
1193,viral pharyngitis,mouth_salivary_gland_throat,oral_cavity_salivary_gland_throat
239,diphtheria,gastrointestinal_tract,oral_cavity_salivary_gland_throat
574,mumps,mouth_salivary_gland_throat,oral_cavity_salivary_gland_throat
675,periodontal disease,mouth_salivary_gland_throat,oral_cavity_salivary_gland_throat
56,apnea,mouth_salivary_gland_throat,oral_cavity_salivary_gland_throat
126,candidiasis of mouth,mouth_salivary_gland_throat,oral_cavity_salivary_gland_throat
347,bleeding gums,mouth_salivary_gland_throat,oral_cavity_salivary_gland_throat
506,laryngitis,mouth_salivary_gland_throat,oral_cavity_salivary_gland_throat
516,leukoplakia of mouth,mouth_salivary_gland_throat,oral_cavity_salivary_gland_throat
629,mouth bleeding,mouth_salivary_gland_throat,oral_cavity_salivary_gland_throat
798,salivary gland inflammation,mouth_salivary_gland_throat,oral_cavity_salivary_gland_throat
825,mucositis oral,mouth_salivary_gland_throat,oral_cavity_salivary_gland_throat
826,aphthous stomatitis,mouth_salivary_gland_throat,oral_cavity_salivary_gland_throat
936,aptyalism,mouth_salivary_gland_throat,oral_cavity_salivary_gland_throat
1284,dysphasia,mouth_salivary_gland_throat,oral_cavity_salivary_gland_throat
505,laryngeal neoplasia,mouth_salivary_gland_throat,oral_cavity_salivary_gland_throat
1140,gingival pain,teeth,oral_cavity_salivary_gland_throat
870,tooth impacted,teeth,oral_cavity_salivary_gland_throat
218,dental caries,teeth,oral_cavity_salivary_gland_throat
117,bruxism,teeth,oral_cavity_salivary_gland_throat
348,gingivitis,teeth,oral_cavity_salivary_gland_throat
869,tooth disease,teeth,oral_cavity_salivary_gland_throat
1239,dental abscess,teeth,oral_cavity_salivary_gland_throat
355,glossitis,tongue,oral_cavity_salivary_gland_throat
540,macroglossia,tongue,oral_cavity_salivary_gland_throat
287,epiglottitis,tongue,oral_cavity_salivary_gland_throat
354,glossodynia,tongue,oral_cavity_salivary_gland_throat
619,nightmare,psychiatric,psychiatric
50,anxiety,psychiatric,psychiatric
262,eating disorder,psychiatric,psychiatric
731,psychosexual disorder,psychiatric,psychiatric
364,hallucination,psychiatric,psychiatric
16,adjustment disorder,psychiatric,psychiatric
680,personality disorder,psychiatric,psychiatric
1305,paranoia,psychiatric,psychiatric
92,bipolar disorder,psychiatric,psychiatric
105,borderline personality disorder,psychiatric,psychiatric
976,alcohol abuse,psychiatric,psychiatric
783,schizoaffective disorder,psychiatric,psychiatric
1272,substance abuse,psychiatric,psychiatric
614,neurosis,psychiatric,psychiatric
944,seasonal affective disorder,psychiatric,psychiatric
654,panic disorder,psychiatric,psychiatric
1218,phobia,eyes,psychiatric
32,amnesia,psychiatric,psychiatric
981,panic attack,psychiatric,psychiatric
1294,major depression,psychiatric,psychiatric
1196,acute psychosis,psychiatric,psychiatric
784,schizophrenia,psychiatric,psychiatric
19,agoraphobia,psychiatric,psychiatric
456,hypochondriasis,psychiatric,psychiatric
47,anorexia,psychiatric,psychiatric
118,bulimia,psychiatric,psychiatric
607,nervous tension,psychiatric,psychiatric
730,psychosomatic disease,psychiatric,psychiatric
732,psychoses,psychiatric,psychiatric
759,ekbom syndrome,psychiatric,psychiatric
820,dysphemia,psychiatric,psychiatric
829,post traumatic stress disorder,psychiatric,psychiatric
959,agitated,psychiatric,psychiatric
1047,hesitancy,psychiatric,psychiatric
1309,drug addiction,psychiatric,psychiatric
562,mental retardation,psychiatric,psychiatric
586,mpd,spleen_bone_marrow_lymph_node_tonsils_immune,psychiatric
833,attempted suicide,psychiatric,psychiatric
328,flatulence,rectum_anus,rectum_anus
1113,rectal discharge,rectum_anus,rectum_anus
726,anal pruritus,rectum_anus,rectum_anus
325,anal fissure,rectum_anus,rectum_anus
750,proctalgia,rectum_anus,rectum_anus
1094,anal fistula,rectum_anus,rectum_anus
1225,defaecation urgency,rectum_anus,rectum_anus
1181,perirectal abscess,rectum_anus,rectum_anus
272,encopresis,gastrointestinal_tract,rectum_anus
752,rectal prolapse,rectum_anus,rectum_anus
751,rectal polyp,rectum_anus,rectum_anus
1120,rectal tenesmus,rectum_anus,rectum_anus
392,haemorrhoids,rectum_anus,rectum_anus
1183,incisional hernia,rectum_anus,rectum_anus
720,proctitis,rectum_anus,rectum_anus
317,faecal incontinence,rectum_anus,rectum_anus
318,faecal impaction,rectum_anus,rectum_anus
1176,bleeding hemorrhoids,rectum_anus,rectum_anus
1182,haemorrhage rectum,rectum_anus,rectum_anus
1051,ovulation pain,reproductive_system_female,reproductive_system_female
559,premature menopause,reproductive_system_female,reproductive_system_female
1114,vaginal discharge,reproductive_system_female,reproductive_system_female
927,vulvitis,reproductive_system_female,reproductive_system_female
1122,menometrorrhagia,reproductive_system_female,reproductive_system_female
561,menstrual disorder,reproductive_system_female,reproductive_system_female
1153,high risk pregnancy,reproductive_system_female,reproductive_system_female
1095,vaginal prolapse,reproductive_system_female,reproductive_system_female
1213,adenomyosis,reproductive_system_female,reproductive_system_female
278,endometritis,reproductive_system_female,reproductive_system_female
1172,vulval abscess,reproductive_system_female,reproductive_system_female
928,vulvovaginitis,reproductive_system_female,reproductive_system_female
277,endometriosis,reproductive_system_female,reproductive_system_female
666,pelvic infection,reproductive_system_female,reproductive_system_female
1066,uterine polyp,reproductive_system_female,reproductive_system_female
646,ovarian cyst,reproductive_system_female,reproductive_system_female
900,uterine infection,reproductive_system_female,reproductive_system_female
147,cervical polyp,reproductive_system_female,reproductive_system_female
1209,endometrial atrophy,reproductive_system_female,reproductive_system_female
879,trichomoniasis,reproductive_system_female,reproductive_system_female
781,salpingitis,reproductive_system_female,reproductive_system_female
276,endometrial hyperplasia,reproductive_system_female,reproductive_system_female
1067,vaginal dysplasia,reproductive_system_female,reproductive_system_female
150,cervical dysplasia,reproductive_system_female,reproductive_system_female
4,abortion missed,reproductive_system_female,reproductive_system_female
3,abortion spontaneous,reproductive_system_female,reproductive_system_female
1142,pelvic inflammatory disease,reproductive_system_female,reproductive_system_female
718,pms,reproductive_system_female,reproductive_system_female
6,premature separation of placenta,reproductive_system_female,reproductive_system_female
31,amenorrhea,reproductive_system_female,reproductive_system_female
127,candidiasis of vagina,reproductive_system_female,reproductive_system_female
149,cervicitis,reproductive_system_female,reproductive_system_female
151,caesarean section,reproductive_system_female,reproductive_system_female
256,dysmenorrhea,reproductive_system_female,reproductive_system_female
303,estrogen replacement,reproductive_system_female,reproductive_system_female
460,hypomenorrhea,reproductive_system_female,reproductive_system_female
560,heavy menstrual period,reproductive_system_female,reproductive_system_female
564,breakthrough bleeding,reproductive_system_female,reproductive_system_female
590,myoma,reproductive_system_female,reproductive_system_female
625,oligomenorrhea,reproductive_system_female,reproductive_system_female
647,oophorectomy,reproductive_system_female,reproductive_system_female
701,polycystic ovary disease,reproductive_system_female,reproductive_system_female
703,polymenorrhea,reproductive_system_female,reproductive_system_female
712,postmenopausal bleeding,reproductive_system_female,reproductive_system_female
715,ectopic pregnancies,reproductive_system_female,reproductive_system_female
898,fibroids,reproductive_system_female,reproductive_system_female
899,uterine bleeding,reproductive_system_female,reproductive_system_female
902,colpitis,reproductive_system_female,reproductive_system_female
915,masculinization,reproductive_system_female,reproductive_system_female
945,bacterial vaginitis,reproductive_system_female,reproductive_system_female
1023,bleeding vaginal,reproductive_system_female,reproductive_system_female
1068,irregular menstrual cycle,reproductive_system_female,reproductive_system_female
1160,abnormal mammogram,reproductive_system_female,reproductive_system_female
1227,anovulatory,reproductive_system_female,reproductive_system_female
1234,abnormal cervical smear,reproductive_system_female,reproductive_system_female
165,choriocarcinoma,reproductive_system_female,reproductive_system_female
645,ovarian cancer,reproductive_system_female,reproductive_system_female
1232,endometrial cancer,reproductive_system_female,reproductive_system_female
5,septic abortion,reproductive_system_female,reproductive_system_female
1204,carcinoma of the cervix,reproductive_system_female,reproductive_system_female
1257,still birth,reproductive_system_female,reproductive_system_female
1259,toxic shock,reproductive_system_female,reproductive_system_female
1178,supernumerary nipple,reproductive_system_general,reproductive_system_general
474,infertility,reproductive_system_general,reproductive_system_general
839,syphilis,reproductive_system_general,reproductive_system_general
213,decreased libido,reproductive_system_general,reproductive_system_general
358,gonorrhea,reproductive_system_general,reproductive_system_general
408,genital herpes,reproductive_system_general,reproductive_system_general
501,hypogonadotropic hypogonadism,reproductive_system_general,reproductive_system_general
794,sexually transmitted diseases,reproductive_system_general,reproductive_system_general
1238,penile pain,reproductive_system_male,reproductive_system_male
1141,testicular swelling,reproductive_system_male,reproductive_system_male
1295,penile swelling,reproductive_system_male,reproductive_system_male
1121,penile discharge,reproductive_system_male,reproductive_system_male
684,phimosis,reproductive_system_male,reproductive_system_male
458,hypogonadism,reproductive_system_male,reproductive_system_male
422,hydrocele,reproductive_system_male,reproductive_system_male
723,prostatitis,reproductive_system_male,reproductive_system_male
286,epididymitis,reproductive_system_male,reproductive_system_male
1065,testicular atrophy,reproductive_system_male,reproductive_system_male
719,priapism,reproductive_system_male,reproductive_system_male
631,orchitis,reproductive_system_male,reproductive_system_male
722,neoplasm prostate,reproductive_system_male,reproductive_system_male
90,benign prostatic hyperplasia,reproductive_system_male,reproductive_system_male
89,balanitis,reproductive_system_male,reproductive_system_male
203,cryptorchidism,reproductive_system_male,reproductive_system_male
630,orchiectomy,reproductive_system_male,reproductive_system_male
669,peyronies disease,reproductive_system_male,reproductive_system_male
717,ejaculation premature,reproductive_system_male,reproductive_system_male
848,testes pain,reproductive_system_male,reproductive_system_male
877,transurethral resection of the prostate,reproductive_system_male,reproductive_system_male
903,varicocele,reproductive_system_male,reproductive_system_male
993,hematospermia,reproductive_system_male,reproductive_system_male
1089,elevated prostate specific antigen,reproductive_system_male,reproductive_system_male
1150,prostatism,reproductive_system_male,reproductive_system_male
1201,swollen scrotum,reproductive_system_male,reproductive_system_male
1258,carcinoma of prostate,reproductive_system_male,reproductive_system_male
304,eruption,delete,skin_subcutaneous fat
266,eczema,skin_subcutaneous fat,skin_subcutaneous fat
611,neurodermatitis,skin_subcutaneous fat,skin_subcutaneous fat
1034,dry skin,skin_subcutaneous fat,skin_subcutaneous fat
834,sunburn,skin_subcutaneous fat,skin_subcutaneous fat
237,dermatitis diaper,skin_subcutaneous fat,skin_subcutaneous fat
1054,skin striae,skin_subcutaneous fat,skin_subcutaneous fat
1269,acne,skin_subcutaneous fat,skin_subcutaneous fat
1159,xerosis,skin_subcutaneous fat,skin_subcutaneous fat
728,psoriasis,skin_subcutaneous fat,skin_subcutaneous fat
1217,milia,skin_subcutaneous fat,skin_subcutaneous fat
493,seborrhoeic keratosis,skin_subcutaneous fat,skin_subcutaneous fat
803,skin lesion,skin_subcutaneous fat,skin_subcutaneous fat
552,chloasma,skin_subcutaneous fat,skin_subcutaneous fat
921,vitiligo,skin_subcutaneous fat,skin_subcutaneous fat
492,actinic keratosis,skin_subcutaneous fat,skin_subcutaneous fat
8,acanthosis nigricans,skin_subcutaneous fat,skin_subcutaneous fat
296,erythema multiforme,skin_subcutaneous fat,skin_subcutaneous fat
862,body tinea,skin_subcutaneous fat,skin_subcutaneous fat
332,folliculitis,skin_subcutaneous fat,skin_subcutaneous fat
434,hyperhidrosis,skin_subcutaneous fat,skin_subcutaneous fat
488,keloid scar,skin_subcutaneous fat,skin_subcutaneous fat
168,scar,skin_subcutaneous fat,skin_subcutaneous fat
1279,hyperkeratosis,skin_subcutaneous fat,skin_subcutaneous fat
687,pityriasis,skin_subcutaneous fat,skin_subcutaneous fat
863,tinea pedis,skin_subcutaneous fat,skin_subcutaneous fat
861,tinea capitis,skin_subcutaneous fat,skin_subcutaneous fat
1249,pigmentation disorder,skin_subcutaneous fat,skin_subcutaneous fat
477,intertrigo,skin_subcutaneous fat,skin_subcutaneous fat
551,melanosis,skin_subcutaneous fat,skin_subcutaneous fat
338,ephelides,skin_subcutaneous fat,skin_subcutaneous fat
120,bunion,skin_subcutaneous fat,skin_subcutaneous fat
219,skin abrasion,skin_subcutaneous fat,skin_subcutaneous fat
221,dermatitis exfoliative,skin_subcutaneous fat,skin_subcutaneous fat
420,hot flash,skin_subcutaneous fat,skin_subcutaneous fat
660,parapsoriasis,skin_subcutaneous fat,skin_subcutaneous fat
708,dyshidrosis,skin_subcutaneous fat,skin_subcutaneous fat
725,itch,skin_subcutaneous fat,skin_subcutaneous fat
777,acne rosacea,skin_subcutaneous fat,skin_subcutaneous fat
790,dermatitis seborrheic,skin_subcutaneous fat,skin_subcutaneous fat
929,weight gain,skin_subcutaneous fat,skin_subcutaneous fat
930,loss of weight,skin_subcutaneous fat,skin_subcutaneous fat
1045,irritation skin,skin_subcutaneous fat,skin_subcutaneous fat
1055,viral rash nos,skin_subcutaneous fat,skin_subcutaneous fat
1081,heat rash,skin_subcutaneous fat,skin_subcutaneous fat
1086,hyperpigmentation,skin_subcutaneous fat,skin_subcutaneous fat
1087,depigmentation,skin_subcutaneous fat,skin_subcutaneous fat
1123,oily skin,skin_subcutaneous fat,skin_subcutaneous fat
297,erythema nodosum,skin_subcutaneous fat,skin_subcutaneous fat
1301,tinea cruris,skin_subcutaneous fat,skin_subcutaneous fat
1108,cheilosis,skin_subcutaneous fat,skin_subcutaneous fat
568,molluscum contagiosum,skin_subcutaneous fat,skin_subcutaneous fat
887,erythema,skin_subcutaneous fat,skin_subcutaneous fat
616,melanocytic naevus,skin_subcutaneous fat,skin_subcutaneous fat
668,pemphigus,skin_subcutaneous fat,skin_subcutaneous fat
744,pyoderma,skin_subcutaneous fat,skin_subcutaneous fat
468,ichthyosis,skin_subcutaneous fat,skin_subcutaneous fat
517,lichen planus,skin_subcutaneous fat,skin_subcutaneous fat
964,pyoderma gangrenosum,skin_subcutaneous fat,skin_subcutaneous fat
209,cyst,skin_subcutaneous fat,skin_subcutaneous fat
183,anogenital warts,skin_subcutaneous fat,skin_subcutaneous fat
686,pilonidal cyst,skin_subcutaneous fat,skin_subcutaneous fat
7,abscess,skin_subcutaneous fat,skin_subcutaneous fat
44,angioedema,skin_subcutaneous fat,skin_subcutaneous fat
227,dermatophytosis,skin_subcutaneous fat,skin_subcutaneous fat
128,carbuncle,skin_subcutaneous fat,skin_subcutaneous fat
228,dermoid cyst,skin_subcutaneous fat,skin_subcutaneous fat
139,cellulitis,skin_subcutaneous fat,skin_subcutaneous fat
623,obesity,skin_subcutaneous fat,skin_subcutaneous fat
124,candida infection,skin_subcutaneous fat,skin_subcutaneous fat
1203,xanthoma,skin_subcutaneous fat,skin_subcutaneous fat
965,pyogenic granuloma,skin_subcutaneous fat,skin_subcutaneous fat
409,herpes simplex,skin_subcutaneous fat,skin_subcutaneous fat
121,bursitis,skin_subcutaneous fat,skin_subcutaneous fat
411,herpes zoster,skin_subcutaneous fat,skin_subcutaneous fat
1158,wound dehiscence,skin_subcutaneous fat,skin_subcutaneous fat
787,scleroderma,skin_subcutaneous fat,skin_subcutaneous fat
657,papilloma,skin_subcutaneous fat,skin_subcutaneous fat
226,dermatomyositis,skin_subcutaneous fat,skin_subcutaneous fat
71,arthritis bacterial,skin_subcutaneous fat,skin_subcutaneous fat
518,lipoma,skin_subcutaneous fat,skin_subcutaneous fat
1208,burns second degree,skin_subcutaneous fat,skin_subcutaneous fat
214,decubitus ulcer,skin_subcutaneous fat,skin_subcutaneous fat
470,impetigo,skin_subcutaneous fat,skin_subcutaneous fat
295,erysipelas,skin_subcutaneous fat,skin_subcutaneous fat
655,panniculitis,skin_subcutaneous fat,skin_subcutaneous fat
942,acute febrile neutrophilic dermatosis,skin_subcutaneous fat,skin_subcutaneous fat
125,cutaneous candidiasis,skin_subcutaneous fat,skin_subcutaneous fat
156,chicken pox,skin_subcutaneous fat,skin_subcutaneous fat
205,cystic acne,skin_subcutaneous fat,skin_subcutaneous fat
220,dermatitides,skin_subcutaneous fat,skin_subcutaneous fat
222,dermatitis medicamentosa,skin_subcutaneous fat,skin_subcutaneous fat
223,allergic dermatitis,skin_subcutaneous fat,skin_subcutaneous fat
224,contact dermatitis,skin_subcutaneous fat,skin_subcutaneous fat
225,cutaneous mycosis,skin_subcutaneous fat,skin_subcutaneous fat
305,excoriation,skin_subcutaneous fat,skin_subcutaneous fat
485,icterus,skin_subcutaneous fat,skin_subcutaneous fat
490,keratoacanthomas,skin_subcutaneous fat,skin_subcutaneous fat
804,nodule skin,skin_subcutaneous fat,skin_subcutaneous fat
805,cutaneous ulcer,skin_subcutaneous fat,skin_subcutaneous fat
860,tinea,skin_subcutaneous fat,skin_subcutaneous fat
865,tinea versicolor,skin_subcutaneous fat,skin_subcutaneous fat
897,hive,skin_subcutaneous fat,skin_subcutaneous fat
935,laceration,skin_subcutaneous fat,skin_subcutaneous fat
1016,atrophy of skin,skin_subcutaneous fat,skin_subcutaneous fat
1106,rhagades,skin_subcutaneous fat,skin_subcutaneous fat
1251,squamous cell carcinoma of skin,skin_subcutaneous fat,skin_subcutaneous fat
1313,morphea,skin_subcutaneous fat,skin_subcutaneous fat
550,malignant melanoma,skin_subcutaneous fat,skin_subcutaneous fat
131,basal cell carcinoma,skin_subcutaneous fat,skin_subcutaneous fat
285,lyell,spleen_bone_marrow_lymph_node_tonsils_immune,skin_subcutaneous fat
582,mycosis fungoides,skin_subcutaneous fat,skin_subcutaneous fat
504,lactose intolerance,gastrointestinal_tract,small_large_intestine
189,constipated,gastrointestinal_tract,small_large_intestine
238,diarrhea,gastrointestinal_tract,small_large_intestine
822,fatty stools,gastrointestinal_tract,small_large_intestine
1037,intestinal ulcer,gastrointestinal_tract,small_large_intestine
250,duodenal ulcer,gastrointestinal_tract,small_large_intestine
279,enteritis,gastrointestinal_tract,small_large_intestine
251,duodenitis,gastrointestinal_tract,small_large_intestine
1126,small intestinal obstruction,gastrointestinal_tract,small_large_intestine
58,appendicitis,gastrointestinal_tract,small_large_intestine
480,intussusception,gastrointestinal_tract,small_large_intestine
475,inflammatory bowel disease,gastrointestinal_tract,small_large_intestine
176,colitis,gastrointestinal_tract,small_large_intestine
280,enterocolitis,gastrointestinal_tract,small_large_intestine
242,diverticulitis,gastrointestinal_tract,small_large_intestine
549,megacolon,gastrointestinal_tract,small_large_intestine
925,volvulus,gastrointestinal_tract,small_large_intestine
179,colon neoplasm,gastrointestinal_tract,small_large_intestine
138,coeliac disease,gastrointestinal_tract,small_large_intestine
1035,duodenal ulcer haemorrhage,gastrointestinal_tract,small_large_intestine
57,appendectomy,gastrointestinal_tract,small_large_intestine
177,chronic ulcerative colitis,gastrointestinal_tract,small_large_intestine
180,colonic polyp,gastrointestinal_tract,small_large_intestine
204,cryptosporidiosis,gastrointestinal_tract,small_large_intestine
254,diarrhea infectious,gastrointestinal_tract,small_large_intestine
339,intestinal functional disorder,gastrointestinal_tract,small_large_intestine
382,haematochezia,gastrointestinal_tract,small_large_intestine
478,parasitic infection intestinal,gastrointestinal_tract,small_large_intestine
483,colon spastic,gastrointestinal_tract,small_large_intestine
525,lower gi bleeding,gastrointestinal_tract,small_large_intestine
553,black stools,gastrointestinal_tract,small_large_intestine
658,adynamic ileus,gastrointestinal_tract,small_large_intestine
705,familial adenomatous polyposis,gastrointestinal_tract,small_large_intestine
991,colon polypectomy,gastrointestinal_tract,small_large_intestine
1083,colitis ischemic,gastrointestinal_tract,small_large_intestine
1125,colonic obstruction,gastrointestinal_tract,small_large_intestine
1179,fecal occult blood,gastrointestinal_tract,small_large_intestine
1195,altered bowel function,gastrointestinal_tract,small_large_intestine
1288,colitis pseudomembranous,gastrointestinal_tract,small_large_intestine
1310,diverticulosis,gastrointestinal_tract,small_large_intestine
1271,duodenal ulcer perforation,gastrointestinal_tract,small_large_intestine
479,intestinal perforation,gastrointestinal_tract,small_large_intestine
181,colostomy,gastrointestinal_tract,small_large_intestine
1264,carcinoma of the colon,gastrointestinal_tract,small_large_intestine
333,food allergy,spleen_bone_marrow_lymph_node_tonsils_immune,spleen_bone_marrow_lymph_node_tonsils_immune
365,hay fever,spleen_bone_marrow_lymph_node_tonsils_immune,spleen_bone_marrow_lymph_node_tonsils_immune
442,allergies,spleen_bone_marrow_lymph_node_tonsils_immune,spleen_bone_marrow_lymph_node_tonsils_immune
476,flu,spleen_bone_marrow_lymph_node_tonsils_immune,spleen_bone_marrow_lymph_node_tonsils_immune
868,tonsillitis,spleen_bone_marrow_lymph_node_tonsils_immune,spleen_bone_marrow_lymph_node_tonsils_immune
916,infection viral,spleen_bone_marrow_lymph_node_tonsils_immune,spleen_bone_marrow_lymph_node_tonsils_immune
793,serum sickness,spleen_bone_marrow_lymph_node_tonsils_immune,spleen_bone_marrow_lymph_node_tonsils_immune
1191,tonsillar hypertrophy,spleen_bone_marrow_lymph_node_tonsils_immune,spleen_bone_marrow_lymph_node_tonsils_immune
36,anaphylactic reaction,spleen_bone_marrow_lymph_node_tonsils_immune,spleen_bone_marrow_lymph_node_tonsils_immune
247,drug hypersensitivity,spleen_bone_marrow_lymph_node_tonsils_immune,spleen_bone_marrow_lymph_node_tonsils_immune
472,infection,spleen_bone_marrow_lymph_node_tonsils_immune,spleen_bone_marrow_lymph_node_tonsils_immune
87,bacterial infection,spleen_bone_marrow_lymph_node_tonsils_immune,spleen_bone_marrow_lymph_node_tonsils_immune
567,mixed connective tissue disease,spleen_bone_marrow_lymph_node_tonsils_immune,spleen_bone_marrow_lymph_node_tonsils_immune
580,atypical mycobacterial infection,spleen_bone_marrow_lymph_node_tonsils_immune,spleen_bone_marrow_lymph_node_tonsils_immune
653,bone marrow failure,spleen_bone_marrow_lymph_node_tonsils_immune,spleen_bone_marrow_lymph_node_tonsils_immune
173,coccidioidomycosis,spleen_bone_marrow_lymph_node_tonsils_immune,spleen_bone_marrow_lymph_node_tonsils_immune
537,lymphocytosis,spleen_bone_marrow_lymph_node_tonsils_immune,spleen_bone_marrow_lymph_node_tonsils_immune
873,toxoplasmosis,spleen_bone_marrow_lymph_node_tonsils_immune,spleen_bone_marrow_lymph_node_tonsils_immune
473,infectious mononucleosis,spleen_bone_marrow_lymph_node_tonsils_immune,spleen_bone_marrow_lymph_node_tonsils_immune
534,lymphangitis,spleen_bone_marrow_lymph_node_tonsils_immune,spleen_bone_marrow_lymph_node_tonsils_immune
980,benign neoplasm,spleen_bone_marrow_lymph_node_tonsils_immune,spleen_bone_marrow_lymph_node_tonsils_immune
532,lyme disease,spleen_bone_marrow_lymph_node_tonsils_immune,spleen_bone_marrow_lymph_node_tonsils_immune
814,splenic infarction,spleen_bone_marrow_lymph_node_tonsils_immune,spleen_bone_marrow_lymph_node_tonsils_immune
15,adenoma,spleen_bone_marrow_lymph_node_tonsils_immune,spleen_bone_marrow_lymph_node_tonsils_immune
49,anthrax,spleen_bone_marrow_lymph_node_tonsils_immune,spleen_bone_marrow_lymph_node_tonsils_immune
130,carcinoma,spleen_bone_marrow_lymph_node_tonsils_immune,spleen_bone_marrow_lymph_node_tonsils_immune
210,cmv infection,spleen_bone_marrow_lymph_node_tonsils_immune,spleen_bone_marrow_lymph_node_tonsils_immune
443,hypersplenism,spleen_bone_marrow_lymph_node_tonsils_immune,spleen_bone_marrow_lymph_node_tonsils_immune
531,disseminated lupus erythematosus,spleen_bone_marrow_lymph_node_tonsils_immune,spleen_bone_marrow_lymph_node_tonsils_immune
533,adenitis,spleen_bone_marrow_lymph_node_tonsils_immune,spleen_bone_marrow_lymph_node_tonsils_immune
535,lymphatic disorders,spleen_bone_marrow_lymph_node_tonsils_immune,spleen_bone_marrow_lymph_node_tonsils_immune
536,lymphedema,spleen_bone_marrow_lymph_node_tonsils_immune,spleen_bone_marrow_lymph_node_tonsils_immune
581,fungal disease,spleen_bone_marrow_lymph_node_tonsils_immune,spleen_bone_marrow_lymph_node_tonsils_immune
585,bone marrow fibrosis,spleen_bone_marrow_lymph_node_tonsils_immune,spleen_bone_marrow_lymph_node_tonsils_immune
813,splenectomy,spleen_bone_marrow_lymph_node_tonsils_immune,spleen_bone_marrow_lymph_node_tonsils_immune
816,enlarged spleen,spleen_bone_marrow_lymph_node_tonsils_immune,spleen_bone_marrow_lymph_node_tonsils_immune
867,tonsillectomy,spleen_bone_marrow_lymph_node_tonsils_immune,spleen_bone_marrow_lymph_node_tonsils_immune
978,hypogammaglobulinaemia,spleen_bone_marrow_lymph_node_tonsils_immune,spleen_bone_marrow_lymph_node_tonsils_immune
990,ebv infection,spleen_bone_marrow_lymph_node_tonsils_immune,spleen_bone_marrow_lymph_node_tonsils_immune
1004,corticosteroid therapy,spleen_bone_marrow_lymph_node_tonsils_immune,spleen_bone_marrow_lymph_node_tonsils_immune
1164,collagenvascular disease,spleen_bone_marrow_lymph_node_tonsils_immune,spleen_bone_marrow_lymph_node_tonsils_immune
129,carcinoid tumour,spleen_bone_marrow_lymph_node_tonsils_immune,spleen_bone_marrow_lymph_node_tonsils_immune
14,adenocarcinoma,spleen_bone_marrow_lymph_node_tonsils_immune,spleen_bone_marrow_lymph_node_tonsils_immune
538,lymphoma,spleen_bone_marrow_lymph_node_tonsils_immune,spleen_bone_marrow_lymph_node_tonsils_immune
11,acquired immune deficiency syndrome,spleen_bone_marrow_lymph_node_tonsils_immune,spleen_bone_marrow_lymph_node_tonsils_immune
103,bone marrow transplant,spleen_bone_marrow_lymph_node_tonsils_immune,spleen_bone_marrow_lymph_node_tonsils_immune
123,cancer,spleen_bone_marrow_lymph_node_tonsils_immune,spleen_bone_marrow_lymph_node_tonsils_immune
416,hiv disease,spleen_bone_marrow_lymph_node_tonsils_immune,spleen_bone_marrow_lymph_node_tonsils_immune
417,hiv positive,spleen_bone_marrow_lymph_node_tonsils_immune,spleen_bone_marrow_lymph_node_tonsils_immune
584,myelodysplasia,spleen_bone_marrow_lymph_node_tonsils_immune,spleen_bone_marrow_lymph_node_tonsils_immune
815,rupture of spleen,spleen_bone_marrow_lymph_node_tonsils_immune,spleen_bone_marrow_lymph_node_tonsils_immune
463,hypopituitarism,thyroid_pituitary_gland_adrenal_parathyroids,thyroid_pituitary_gland_adrenal_parathyroids
12,acromegaly,thyroid_pituitary_gland_adrenal_parathyroids,thyroid_pituitary_gland_adrenal_parathyroids
1078,thyroid cyst,thyroid_pituitary_gland_adrenal_parathyroids,thyroid_pituitary_gland_adrenal_parathyroids
449,hyperthyroidism,thyroid_pituitary_gland_adrenal_parathyroids,thyroid_pituitary_gland_adrenal_parathyroids
462,hypoparathyroidism,thyroid_pituitary_gland_adrenal_parathyroids,thyroid_pituitary_gland_adrenal_parathyroids
439,hyperparathyroidism,thyroid_pituitary_gland_adrenal_parathyroids,thyroid_pituitary_gland_adrenal_parathyroids
17,adrenal insufficiency,thyroid_pituitary_gland_adrenal_parathyroids,thyroid_pituitary_gland_adrenal_parathyroids
858,thyroiditis,thyroid_pituitary_gland_adrenal_parathyroids,thyroid_pituitary_gland_adrenal_parathyroids
1014,thyroid adenoma,thyroid_pituitary_gland_adrenal_parathyroids,thyroid_pituitary_gland_adrenal_parathyroids
454,hypoaldosteronism,thyroid_pituitary_gland_adrenal_parathyroids,thyroid_pituitary_gland_adrenal_parathyroids
357,goiter,thyroid_pituitary_gland_adrenal_parathyroids,thyroid_pituitary_gland_adrenal_parathyroids
467,hypothyroid,thyroid_pituitary_gland_adrenal_parathyroids,thyroid_pituitary_gland_adrenal_parathyroids
721,prolactinoma,thyroid_pituitary_gland_adrenal_parathyroids,thyroid_pituitary_gland_adrenal_parathyroids
855,thyroid disease,thyroid_pituitary_gland_adrenal_parathyroids,thyroid_pituitary_gland_adrenal_parathyroids
856,thyroid neoplasia,thyroid_pituitary_gland_adrenal_parathyroids,thyroid_pituitary_gland_adrenal_parathyroids
857,thyroidectomy,thyroid_pituitary_gland_adrenal_parathyroids,thyroid_pituitary_gland_adrenal_parathyroids
683,phaeochromocytoma,kidneys_bladder_urethra,thyroid_pituitary_gland_adrenal_parathyroids
1248,thyroid cancer,thyroid_pituitary_gland_adrenal_parathyroids,thyroid_pituitary_gland_adrenal_parathyroids
1298,adrenal carcinoma,thyroid_pituitary_gland_adrenal_parathyroids,thyroid_pituitary_gland_adrenal_parathyroids
621,nocturia,kidneys_bladder_urethra,urinary_system_general
1302,dyspareunia,kidneys_bladder_urethra,urinary_system_general
282,enuresis,kidneys_bladder_urethra,urinary_system_general
589,myoglobinuria,kidneys_bladder_urethra,urinary_system_general
21,albuminuria,kidneys_bladder_urethra,urinary_system_general
260,dysuria,kidneys_bladder_urethra,urinary_system_general
229,diabetes insipidus,kidneys_bladder_urethra,urinary_system_general
724,proteinuria,kidneys_bladder_urethra,urinary_system_general
707,polyuria,kidneys_bladder_urethra,urinary_system_general
745,pyuria,kidneys_bladder_urethra,urinary_system_general
356,glucosuria,kidneys_bladder_urethra,urinary_system_general
386,blood in urine,kidneys_bladder_urethra,urinary_system_general
389,hemoglobinuria,kidneys_bladder_urethra,urinary_system_general
428,hypercalcinuria,kidneys_bladder_urethra,urinary_system_general
248,drug toxicity nos,delete,zzz_delete
836,bulging,delete,zzz_delete
22,alcohol consumption,delete,zzz_delete
246,abuse,delete,zzz_delete
307,foreign body in eye,delete,zzz_delete
885,adverse drug effect,delete,zzz_delete
1049,drug withdrawal,delete,zzz_delete
1229,abnormal laboratory findings,delete,zzz_delete
45,animal bite,delete,zzz_delete
1300,infestation,delete,zzz_delete
1200,splinter,delete,zzz_delete
1109,road traffic accident,delete,zzz_delete
